#{"t_start": 1790245951.9653053, "env_id": "LunarLander-v3"}
r,l,t
20.591776,83,3.90516
-106.194125,94,3.953901
-326.352072,79,3.991214
-80.161598,79,4.03179
-323.412261,111,4.088404
-250.760187,87,4.136867
-308.008042,98,4.193974
-124.773379,90,4.243083
-322.551557,85,4.284271
-147.506679,88,4.324999
-146.896679,69,4.354537
-88.483274,78,4.391244
-87.405454,59,4.420886
-102.260097,112,4.474481
-462.77736,115,4.527448
-61.457897,80,4.565995
-110.905942,65,4.598575
-225.261947,114,4.653676
-91.878084,124,4.713297
-229.196102,106,4.760586
-246.108379,66,4.801171
-111.753207,127,4.872249
-126.676511,72,5.818166
-159.648085,72,5.852703
-139.638736,91,5.900871
-160.638205,98,5.949829
-131.668536,139,6.021136
-91.488925,78,6.059968
-583.394019,106,6.113397
-108.004497,114,6.171762
-297.223402,79,6.211347
-223.442374,79,6.24892
-330.35935,97,6.290339
-83.02511,65,6.321958
-256.86539,120,6.379603
-227.554371,105,6.426692
-151.776842,73,6.46578
-98.045233,76,6.496308
-240.772204,102,6.548987
-65.968697,77,6.587614
-145.282402,119,6.644319
-67.375809,125,6.706183
-78.479768,60,6.731273
-199.624214,67,6.762824
-172.365199,79,7.784585
-146.853042,78,7.816125
-335.802792,73,7.85377
-144.705637,122,7.907028
-122.820481,78,7.942584
-129.397233,69,7.980187
-49.680574,78,8.016229
-100.590533,79,8.057805
-98.4219,85,8.102726
-122.069351,96,8.159018
-79.471864,69,8.214108
-210.639397,85,8.26723
-171.722842,96,8.315964
-299.844599,106,8.366692
-320.928509,102,8.421536
-178.141363,104,8.472619
-136.218093,69,8.509519
-149.575809,113,8.567783
-105.620199,80,8.613102
-32.318064,75,8.650606
-95.86692,65,8.681173
-139.469211,103,8.734618
-97.972126,79,8.771958
-431.709936,92,8.819891
-66.955506,63,9.721218
-121.019175,89,9.763522
-83.080057,85,9.803582
-146.853749,116,9.853276
-80.111097,99,9.893321
-221.554551,92,9.943841
-355.085244,111,9.991161
-160.761189,127,10.049079
-129.534002,93,10.088944
-239.152607,112,10.139526
-116.857824,95,10.181737
-168.613401,87,10.221045
-71.422653,67,10.250264
-120.313211,96,10.298651
-103.612398,90,10.347716
-74.066645,89,10.388184
-190.430452,104,10.439838
-103.895476,85,10.486347
-290.278293,124,10.553682
-102.116464,120,10.605865
-231.077538,112,10.659019
-609.401162,94,11.563977
-83.248976,82,11.61586
-102.718169,94,11.655856
-181.178714,95,11.707909
-235.133383,117,11.766091
-112.870448,127,11.827679
-128.947294,109,11.873631
-78.094146,117,11.934423
-119.904025,99,11.985718
-93.000559,82,12.024252
-111.101522,76,12.06487
-163.538017,105,12.113451
-112.501672,85,12.154535
-186.268472,95,12.203656
-74.246416,88,12.247772
-120.311348,62,12.278855
-105.024129,89,12.32311
-119.772427,92,12.37264
-65.557168,121,12.424322
-241.241479,80,12.465003
-80.645559,98,12.506162
-105.710169,65,12.539102
-75.505262,65,13.463031
-89.911037,151,13.542622
-115.389498,79,13.578727
-77.670004,99,13.641398
-94.273969,94,13.689488
-79.725794,111,13.74863
-205.335352,116,13.80888
-223.294404,123,13.877717
-82.682548,105,13.930047
-131.470796,108,13.982112
74.039168,1000,14.472861
-143.194461,84,15.342637
-175.604678,96,15.383748
-113.710795,105,15.441711
-83.74506,150,15.501287
-56.927979,106,15.554897
-153.753406,127,15.616015
-113.25419,131,15.6778
-25.604298,150,15.758253
-111.834671,69,15.798219
-68.187812,106,15.877856
-155.535962,108,15.980189
-63.937481,74,16.052572
-110.718424,90,16.118781
-137.343891,140,16.211896
-33.833469,133,16.324827
-144.355179,107,16.405022
-91.912408,66,16.445608
-243.578404,110,16.515791
50.882632,98,16.587101
-256.461836,132,17.536138
-87.865324,103,17.583724
-110.904375,141,17.656932
-64.200923,97,17.710106
-163.74737,127,17.775886
-288.353138,91,17.819532
-38.078986,78,17.853057
-216.943495,95,17.892108
-241.977457,129,17.947726
-114.75776,115,17.997844
21.789292,105,18.050055
-90.908557,95,18.090738
-34.19277,117,18.135795
-200.747735,100,18.174693
-94.934096,137,18.243805
-260.041769,109,18.292979
-139.695399,69,18.332594
-211.513119,157,18.410159
-84.227947,148,19.320565
-137.028471,148,19.387419
-140.172257,133,19.458536
-102.818296,111,19.520509
-58.197145,77,19.562864
-367.791351,152,19.642251
-42.212664,165,19.714937
-65.213508,98,19.757689
-219.852983,127,19.815701
-252.305038,140,19.880913
-238.062844,126,19.94205
-65.280157,120,19.993746
-186.034615,140,20.057749
-321.924727,140,20.121828
-221.212751,133,20.180421
-64.27675,102,20.229561
-87.210461,84,21.082602
-59.568896,120,21.151833
-35.242426,108,21.22441
-1.376759,91,21.274396
-262.001069,124,21.339663
-79.953694,99,21.395887
-85.641568,111,21.455642
-145.37622,86,21.502285
-62.528015,102,21.552541
-114.171033,111,21.600099
-71.232427,111,21.656796
-268.900652,122,21.724949
-83.503779,122,21.789156
-91.583088,109,21.843051
-30.143082,139,21.91372
-22.043881,70,21.949397
-121.129355,125,22.013905
-79.630007,71,22.049864
2.271215,83,22.092834
-23.344729,82,22.128885
-166.838554,99,23.125556
-115.196389,112,23.182789
-153.670755,101,23.238253
-71.467312,194,23.338361
-223.749181,121,23.394612
-11.87802,89,23.435599
-249.724977,122,23.49553
10.181799,108,23.546137
-47.019692,72,23.573701
-225.132981,137,23.640321
-71.945067,91,23.680386
-207.270541,116,23.732292
-245.4947,148,23.801059
-56.71349,126,23.861965
-105.328062,112,23.924673
-104.180197,95,23.980866
-138.10696,92,24.041611
-34.932493,99,24.086937
-79.639113,115,25.023459
-31.391164,157,25.118263
9.650308,123,25.183855
-89.969026,133,25.252143
-55.934973,116,25.304235
-89.228896,109,25.356801
21.74185,141,25.427806
-74.362459,110,25.480865
-109.999951,108,25.533443
-119.970894,128,25.588659
-162.157282,118,25.64405
-294.488064,159,25.720928
29.336199,123,25.780147
-28.512152,124,25.838756
-17.61288,126,25.901358
-19.738792,138,25.964416
-151.949486,133,26.894193
-40.468247,188,26.986671
-9.253208,100,27.04149
-190.835611,201,27.135517
-19.589952,92,27.180663
-127.708767,135,27.260443
12.029289,87,27.310579
-150.889698,112,27.369511
7.17044,143,27.438864
-31.164604,171,27.529439
-25.161293,123,27.591462
-47.870144,100,27.638813
-39.68091,114,27.698414
-69.18223,124,27.752988
-13.694648,141,27.819402
38.034802,163,28.816923
11.60629,188,28.907395
-42.220482,169,28.983448
-102.096758,173,29.055538
-24.070845,118,29.107116
-107.765773,175,29.171356
-14.129167,149,29.226428
-45.421572,160,29.286356
-75.649475,124,29.330597
-9.747216,155,29.386004
6.548828,119,29.428833
10.71343,146,29.484353
-42.125028,110,29.526637
-87.003992,123,29.582308
-39.827886,135,30.526862
-174.505007,135,30.588454
-50.090409,123,30.649544
-105.531007,177,30.739831
-187.047954,189,30.814677
-133.775083,228,30.903066
-167.883092,212,30.978544
-75.035542,227,31.063839
-18.100252,158,31.11869
-83.033009,186,31.187452
-191.003382,171,31.248338
-178.10088,113,31.295334
71.582727,1000,32.542147
29.630416,143,32.602367
-250.649539,167,32.67092
-156.491908,170,32.741543
-26.329844,170,32.809177
77.382148,1000,34.0244
3.090981,224,34.134333
-200.969134,214,34.242815
-171.077823,194,34.340991
-210.316974,229,34.445481
125.532051,1000,35.71325
-57.69518,199,35.809043
-108.849371,196,35.89639
-222.705515,237,36.005496
78.927269,1000,36.482702
60.24708,181,37.314662
33.020826,187,37.398825
-108.728796,247,37.515507
-49.815909,215,37.618197
-37.584942,154,37.685224
-35.92698,222,37.784035
-99.040541,212,37.883966
-178.351327,240,37.9962
-159.016075,217,38.096616
-24.632543,226,38.199573
-90.936348,272,39.091737
-191.778215,245,39.201583
-133.765534,250,39.307835
-176.717797,285,39.443511
-126.380042,268,39.565191
46.942228,1000,40.870583
-138.048051,227,40.975269
-55.804088,284,41.097715
-161.422874,282,41.231397
-212.130555,292,41.363843
33.599791,1000,42.61316
-210.031409,186,42.698431
-101.634228,205,42.784074
-146.139987,269,42.891662
-138.150668,285,43.026188
-49.433366,215,43.118652
-250.160406,345,43.273542
72.028585,1000,44.526911
-60.239327,221,44.625175
-16.949636,310,44.763841
-189.647716,244,44.880327
-46.657259,187,44.961101
-75.936901,277,45.080737
70.686581,1000,46.295354
-0.285358,281,46.436888
-72.556229,182,46.518154
47.785849,1000,47.744385
47.348213,1000,48.213562
84.130448,1000,49.445523
-7.956685,195,49.535015
131.886244,462,49.745272
99.005408,1000,50.250439
-10.941036,272,51.138952
-147.002667,288,51.267283
48.064775,1000,51.74166
-108.507672,395,51.947831
-118.343834,230,52.746168
-91.565267,257,52.85717
73.842393,1000,53.357628
100.800408,1000,54.617047
-48.2635,309,54.750089
-13.265611,316,54.895085
-56.375212,286,55.022089
-143.968368,237,55.131806
-108.173006,353,55.313819
25.135199,1000,56.558527
-181.926012,494,56.787278
-191.075628,295,56.916397
47.545977,1000,58.147169
59.407669,1000,58.62553
-41.343622,290,58.772264
-207.428525,240,58.894356
-64.428161,547,59.899718
-185.987009,227,60.000195
-155.73792,337,60.154122
-90.008988,238,60.268928
-80.977032,206,60.357623
120.706698,1000,61.583684
-88.572452,445,61.786556
-95.903243,538,62.044686
27.618067,282,62.159567
113.803007,1000,63.313787
52.207092,1000,63.799307
-58.052039,1000,65.168408
-134.023958,686,65.511268
198.294541,814,66.793567
16.658899,1000,67.2795
-197.802994,504,67.523732
-103.711802,1000,69.024018
-151.944084,697,69.347182
-104.363454,558,69.608644
-139.163021,817,70.829859
-83.29625,1000,71.366063
102.435395,1000,72.571234
-82.167603,1000,73.013476
-95.378872,471,73.222635
-120.43326,584,74.230638
-200.260371,871,74.639384
-92.497522,1000,75.928858
-8.798428,1000,76.380168
-52.590636,1000,77.636963
-177.619635,831,78.014809
-148.755404,712,78.370963
85.807757,856,79.803322
-52.459765,1000,80.316117
-55.18844,1000,81.792014
-51.094683,1000,82.287921
-69.076538,1000,83.548338
141.588017,958,83.961823
-59.394249,1000,85.25624
-49.236101,1000,85.722967
77.120101,1000,87.094529
12.969741,1000,87.582966
-51.381701,1000,88.918093
-29.430425,1000,89.419682
26.163683,1000,90.823648
-32.440477,1000,91.36746
-43.202621,1000,92.687424
-78.351279,1000,93.171102
158.708092,814,93.596662
-51.772717,1000,94.832403
-171.589632,883,95.272254
155.492584,864,96.462493
-68.49123,1000,96.942956
-154.14682,830,98.141188
-129.624344,983,98.592796
121.869391,897,99.89251
118.450801,937,100.372374
-47.230766,1000,101.61535
-12.043666,1000,102.070225
147.064349,866,102.498665
170.529154,661,103.718795
-22.771102,1000,104.19465
-56.586864,1000,105.537882
6.749247,1000,105.929677
108.518066,873,107.029276
-22.719376,1000,107.413153
171.784433,810,108.63519
-10.59779,1000,109.12638
155.224619,846,109.547585
-72.306484,706,110.782397
9.276037,1000,111.265996
139.635422,899,112.507522
139.945638,759,112.87308
205.324299,637,113.167297
-147.894015,842,114.283171
124.664163,751,114.616952
-33.426372,1000,115.811556
155.381857,628,116.109811
193.69575,523,116.363101
158.547446,765,117.454892
-0.916355,1000,117.901142
-85.142523,695,118.225219
188.089979,672,119.285995
-19.553171,1000,119.757152
165.057939,791,120.921217
176.927955,656,121.207196
168.928075,656,121.54212
167.29464,584,122.551171
-88.52951,1000,123.012137
-98.332031,1000,124.272134
-76.500484,414,124.444846
172.47808,553,124.671365
-58.146986,1000,125.817531
-37.813529,394,126.012078
130.148242,736,126.350484
134.216315,873,127.544287
213.431853,527,127.806327
183.019605,425,127.998541
162.805553,875,128.421736
166.67126,706,129.517311
-73.672414,1000,129.966589
179.971565,638,131.098202
-143.193019,996,131.56305
-111.869462,805,131.934611
-114.446014,808,133.153975
-52.055573,619,133.437016
135.894978,928,134.667083
199.802557,339,134.830126
199.294264,430,135.015631
-84.364937,513,135.226806
-47.539338,385,135.387985
-147.915667,958,136.554198
183.130912,495,136.798674
162.815535,860,138.046346
183.104389,498,138.314234
208.112643,532,138.561647
-8.666826,1000,139.857089
187.009263,480,140.0857
184.35223,530,140.312063
191.803671,479,140.531386
-104.725071,797,141.672063
-86.395161,505,141.890917
178.92549,626,142.178913
187.033743,434,142.372492
190.630847,514,143.384807
144.013992,828,143.765434
-35.986595,490,143.978575
-32.14957,344,144.135086
106.724764,915,145.34207
164.824434,924,145.680157
163.847069,655,146.816293
159.945973,490,147.037089
172.699869,714,147.37771
-53.031619,347,147.541152
187.848947,635,148.635066
202.520461,818,149.018631
164.658297,622,149.29766
162.861935,799,150.482214
206.219136,440,150.741708
107.296463,1000,152.128507
179.884524,836,152.543792
154.448015,706,152.899127
-93.270043,509,154.034345
199.211145,620,154.330023
157.348377,552,154.594853
194.803624,770,154.946653
-27.166547,526,155.933425
155.879554,567,156.183307
137.10407,953,156.627872
151.497595,649,157.753282
54.997325,1000,158.230334
-72.699786,492,159.381289
-74.275271,582,159.684108
139.39524,653,159.985256
143.318384,941,161.272146
-17.971283,1000,161.728947
-58.365453,1000,163.110913
85.893114,1000,163.590282
156.499724,637,163.919823
115.841484,885,165.249237
-134.025828,572,165.545987
174.469195,869,166.835876
138.131597,964,167.305847
208.146297,487,167.558337
166.044555,733,168.820757
-101.451745,409,169.018701
-81.606731,281,169.143183
-94.068197,733,169.5014
187.259218,572,170.648495
118.389667,646,170.969767
184.069841,673,171.285271
-32.795781,315,171.433109
-72.210754,605,172.616762
176.527779,866,173.023679
-88.090873,705,173.333331
161.091247,919,174.702063
36.846207,1000,175.13517
-58.019906,425,176.141099
153.448445,517,176.391606
-101.21567,497,176.62171
-115.797895,555,176.843134
-104.547109,349,176.988175
-133.731262,461,177.954506
-3.767805,1000,178.393948
